Tissue,Atoll,Island,TNI_reef_area,Reef_area,To_shore_m,Treatment,cal_d13C,cal_perc_C,cal_d15N,cal_perc_N,CN_ratio
Fish,Great_Chagos_Bank,Eagle,0.22,25.8,280,Rats,-15.65,44.68,10.55,13.78,3.24
Fish,Great_Chagos_Bank,Eagle,0.22,25.8,280,Rats,-16.45,41.73,10.4,12.92,3.23
Fish,Great_Chagos_Bank,Eagle,0.22,25.8,280,Rats,-15.39,44.64,10.76,14.04,3.18
Fish,Great_Chagos_Bank,Eagle,0.22,25.8,280,Rats,-15.73,45.28,10.94,14.15,3.2
Fish,Great_Chagos_Bank,Eagle,0.22,25.8,280,Rats,-16.72,45.12,10.9,14.01,3.22
Fish,Great_Chagos_Bank,Eagle,0.22,25.8,280,Rats,-16.17,44.84,10.79,14.17,3.16
Fish,Great_Chagos_Bank,Eagle,0.22,25.8,280,Rats,-15.82,44.27,11.09,13.8,3.21
Fish,Great_Chagos_Bank,Eagle,0.22,25.8,280,Rats,-16.61,41.19,10.8,13.16,3.13
Fish,Great_Chagos_Bank,Eagle,0.22,25.8,280,Rats,-16.57,42.55,10.51,13.29,3.2
Fish,Great_Chagos_Bank,Eagle,0.22,25.8,280,Rats,-16.53,43.43,10.31,13.68,3.17
Fish,Great_Chagos_Bank,Middle_Brother,424.83,16.9,240,No_rats,-14.56,45.87,11.34,14.14,3.24
Fish,Great_Chagos_Bank,Middle_Brother,424.83,16.9,240,No_rats,-14.71,43.21,11.28,13.59,3.18
Fish,Great_Chagos_Bank,Middle_Brother,424.83,16.9,240,No_rats,-14.58,43.5,11.02,13.6,3.2
Fish,Great_Chagos_Bank,Middle_Brother,424.83,16.9,240,No_rats,-14.96,45.71,11.07,14.04,3.26
Fish,Great_Chagos_Bank,Middle_Brother,424.83,16.9,240,No_rats,-14.68,45.44,11.11,14.02,3.24
Fish,Great_Chagos_Bank,Middle_Brother,424.83,16.9,240,No_rats,-14.38,44.51,11.21,13.82,3.22
Fish,Great_Chagos_Bank,Middle_Brother,424.83,16.9,240,No_rats,-14.83,44.17,11,13.76,3.21
Fish,Great_Chagos_Bank,Middle_Brother,424.83,16.9,240,No_rats,-14.49,41.49,11.05,13.35,3.11
Fish,Great_Chagos_Bank,Middle_Brother,424.83,16.9,240,No_rats,-14.85,43.63,11.05,13.65,3.2
Fish,Great_Chagos_Bank,Middle_Brother,424.83,16.9,240,No_rats,-15.1,42.82,11.08,13.38,3.2
Fish,Great_Chagos_Bank,South_Brother,172.44,16.8,150,No_rats,-14.47,43.32,11.22,13.54,3.2
Fish,Great_Chagos_Bank,South_Brother,172.44,16.8,150,No_rats,-13.71,45.78,10.94,14.22,3.22
Fish,Great_Chagos_Bank,South_Brother,172.44,16.8,150,No_rats,-14.27,42.71,10.91,13.07,3.27
Fish,Great_Chagos_Bank,South_Brother,172.44,16.8,150,No_rats,-13.95,45.7,11.11,14.3,3.2
Fish,Great_Chagos_Bank,South_Brother,172.44,16.8,150,No_rats,-13.8,44.93,11.18,14.03,3.2
Fish,Great_Chagos_Bank,South_Brother,172.44,16.8,150,No_rats,-13.4,44.79,10.91,14.31,3.13
Fish,Great_Chagos_Bank,South_Brother,172.44,16.8,150,No_rats,-13.92,45.17,11.32,14.26,3.17
Fish,Great_Chagos_Bank,South_Brother,172.44,16.8,150,No_rats,-14.13,42.25,11.07,13.21,3.2
Fish,Great_Chagos_Bank,South_Brother,172.44,16.8,150,No_rats,-13.82,43.18,11.19,13.36,3.23
Fish,Great_Chagos_Bank,South_Brother,172.44,16.8,150,No_rats,-14.02,42.44,10.77,13.21,3.21
Fish,Peros_Banhos,Grande_Ile_Coquillage,213.46,36.7,175,No_rats,-15.21,42.96,11.23,13.43,3.2
Fish,Peros_Banhos,Grande_Ile_Coquillage,213.46,36.7,175,No_rats,-15.83,44.31,11.81,14.02,3.16
Fish,Peros_Banhos,Grande_Ile_Coquillage,213.46,36.7,175,No_rats,-15.22,46.12,11.52,14.45,3.19
Fish,Peros_Banhos,Grande_Ile_Coquillage,213.46,36.7,175,No_rats,-14.93,45.39,11.17,14.13,3.21
Fish,Peros_Banhos,Grande_Ile_Coquillage,213.46,36.7,175,No_rats,-14.97,44.45,11.48,14.06,3.16
Fish,Peros_Banhos,Grande_Ile_Coquillage,213.46,36.7,175,No_rats,-15.23,44.21,11.25,13.75,3.21
Fish,Peros_Banhos,Grande_Ile_Coquillage,213.46,36.7,175,No_rats,-15.94,44.38,11.46,14.23,3.12
Fish,Peros_Banhos,Grande_Ile_Coquillage,213.46,36.7,175,No_rats,-15.14,45.09,11.34,14.45,3.12
Fish,Peros_Banhos,Grande_Ile_Coquillage,213.46,36.7,175,No_rats,-15.01,42.31,11.56,13.33,3.17
Fish,Peros_Banhos,Grande_Ile_Coquillage,213.46,36.7,175,No_rats,-14.83,43.68,11.12,13.76,3.17
Fish,Peros_Banhos,Grande_Ile_Mapou,1.16,11.5,300,Rats,-14.34,43.46,10.43,13.71,3.17
Fish,Peros_Banhos,Grande_Ile_Mapou,1.16,11.5,300,Rats,-14.52,45.01,11.02,14.52,3.1
Fish,Peros_Banhos,Grande_Ile_Mapou,1.16,11.5,300,Rats,-14.82,46.06,10.7,14.6,3.15
Fish,Peros_Banhos,Grande_Ile_Mapou,1.16,11.5,300,Rats,-14.38,44.41,10.3,14.27,3.11
Fish,Peros_Banhos,Grande_Ile_Mapou,1.16,11.5,300,Rats,-14.76,46.07,10.78,14.39,3.2
Fish,Peros_Banhos,Grande_Ile_Mapou,1.16,11.5,300,Rats,-14.22,45.96,10.73,14.26,3.22
Fish,Peros_Banhos,Grande_Ile_Mapou,1.16,11.5,300,Rats,-14.97,45.75,10.19,14.23,3.21
Fish,Peros_Banhos,Grande_Ile_Mapou,1.16,11.5,300,Rats,-14.36,44.86,11.06,14.41,3.11
Fish,Peros_Banhos,Grande_Ile_Mapou,1.16,11.5,300,Rats,-14.9,44.05,10.38,13.99,3.15
Fish,Peros_Banhos,Grande_Ile_Mapou,1.16,11.5,300,Rats,-14.36,43.77,10.66,13.63,3.21
Fish,Peros_Banhos,Ile_Longue,206.42,6.1,215,No_rats,-15.19,46.27,10.16,14.5,3.19
Fish,Peros_Banhos,Ile_Longue,206.42,6.1,215,No_rats,-15.2,44.67,10.27,14.14,3.16
Fish,Peros_Banhos,Ile_Longue,206.42,6.1,215,No_rats,-15.03,45.52,9.97,14.25,3.19
Fish,Peros_Banhos,Ile_Longue,206.42,6.1,215,No_rats,-15.85,46.23,10.24,14.38,3.22
Fish,Peros_Banhos,Ile_Longue,206.42,6.1,215,No_rats,-16.23,46.98,10.57,14.57,3.22
Fish,Peros_Banhos,Ile_Longue,206.42,6.1,215,No_rats,-15.31,46.08,9.82,14.49,3.18
Fish,Peros_Banhos,Ile_Longue,206.42,6.1,215,No_rats,-14.71,44.68,10.33,14.28,3.13
Fish,Peros_Banhos,Ile_Longue,206.42,6.1,215,No_rats,-15.03,45.78,10.23,14.25,3.21
Fish,Peros_Banhos,Ile_Longue,206.42,6.1,215,No_rats,-15.6,44.03,9.78,14.1,3.12
Fish,Peros_Banhos,Ile_Longue,206.42,6.1,215,No_rats,-15.49,44.68,10.03,14.51,3.08
Fish,Peros_Banhos,Ile_Poule,0.04,19.1,280,Rats,-14.21,45.61,10.54,14.45,3.16
Fish,Peros_Banhos,Ile_Poule,0.04,19.1,280,Rats,-14.14,41.61,10.12,12.83,3.24
Fish,Peros_Banhos,Ile_Poule,0.04,19.1,280,Rats,-14.4,44.8,10.35,14.31,3.13
Fish,Peros_Banhos,Ile_Poule,0.04,19.1,280,Rats,-14.34,45.34,10.32,14.38,3.15
Fish,Peros_Banhos,Ile_Poule,0.04,19.1,280,Rats,-14.15,44.36,10.33,14.04,3.16
Fish,Peros_Banhos,Ile_Poule,0.04,19.1,280,Rats,-14.58,42.07,10.47,13.16,3.2
Fish,Peros_Banhos,Ile_Poule,0.04,19.1,280,Rats,-14.61,43.02,10.69,13.59,3.17
Fish,Peros_Banhos,Ile_Poule,0.04,19.1,280,Rats,-14.14,42.5,10.31,13.77,3.09
Fish,Peros_Banhos,Ile_Poule,0.04,19.1,280,Rats,-13.93,42.33,10.48,13.83,3.06
Fish,Peros_Banhos,Ile_Poule,0.04,19.1,280,Rats,-14,40.79,10.26,13.26,3.08
Fish,Peros_Banhos,PB_Ile_Anglaise,0.53,6.6,240,Rats,-13.55,44.37,10.71,14.09,3.15
Fish,Peros_Banhos,PB_Ile_Anglaise,0.53,6.6,240,Rats,-13.81,42.03,10.56,13.55,3.1
Fish,Peros_Banhos,PB_Ile_Anglaise,0.53,6.6,240,Rats,-13.75,46.07,10.45,14.35,3.21
Fish,Peros_Banhos,PB_Ile_Anglaise,0.53,6.6,240,Rats,-14.25,45.61,10.91,14.2,3.21
Fish,Peros_Banhos,PB_Ile_Anglaise,0.53,6.6,240,Rats,-12.97,46,9.96,14.46,3.18
Fish,Peros_Banhos,PB_Ile_Anglaise,0.53,6.6,240,Rats,-14.44,45.71,11.06,14.3,3.2
Fish,Peros_Banhos,PB_Ile_Anglaise,0.53,6.6,240,Rats,-13.13,43.15,9.69,14.33,3.01
Fish,Peros_Banhos,PB_Ile_Anglaise,0.53,6.6,240,Rats,-13.27,41.59,10.74,13.59,3.06
Fish,Peros_Banhos,PB_Ile_Anglaise,0.53,6.6,240,Rats,-13.46,44.37,10.5,14.11,3.14
Fish,Peros_Banhos,PB_Ile_Anglaise,0.53,6.6,240,Rats,-14.22,42.79,10.07,13.81,3.1
Fish,Salomon,Ile_de_la_Passe,6.06,18.1,215,No_rats,-13.65,45.55,11.13,14.21,3.21
Fish,Salomon,Ile_de_la_Passe,6.06,18.1,215,No_rats,-13.6,43.16,10.99,13.45,3.21
Fish,Salomon,Ile_de_la_Passe,6.06,18.1,215,No_rats,-14.55,44.51,10.59,13.89,3.2
Fish,Salomon,Ile_de_la_Passe,6.06,18.1,215,No_rats,-13.48,38.46,11.1,12.08,3.19
Fish,Salomon,Ile_de_la_Passe,6.06,18.1,215,No_rats,-14.83,46.24,10.98,14.2,3.26
Fish,Salomon,Ile_de_la_Passe,6.06,18.1,215,No_rats,-13.75,45.59,10.89,14.44,3.16
Fish,Salomon,Ile_de_la_Passe,6.06,18.1,215,No_rats,-13.74,46.69,10.68,14.52,3.22
Fish,Salomon,Ile_de_la_Passe,6.06,18.1,215,No_rats,-13.64,44.9,11.05,14.28,3.14
Fish,Salomon,Ile_de_la_Passe,6.06,18.1,215,No_rats,-13.27,43.69,10.93,13.82,3.16
Fish,Salomon,Ile_de_la_Passe,6.06,18.1,215,No_rats,-13.97,42.56,10.88,13.55,3.14
Fish,Salomon,Ile_Fouquet,2.44,16,130,Rats,-15.78,46.08,10.89,14.3,3.22
Fish,Salomon,Ile_Fouquet,2.44,16,130,Rats,-13.52,44.05,10.29,13.78,3.2
Fish,Salomon,Ile_Fouquet,2.44,16,130,Rats,-13.74,47.92,9.95,14.72,3.26
Fish,Salomon,Ile_Fouquet,2.44,16,130,Rats,-14.26,46.8,10.71,14.36,3.26
Fish,Salomon,Ile_Fouquet,2.44,16,130,Rats,-16.13,45.7,10.55,14.4,3.17
Fish,Salomon,Ile_Fouquet,2.44,16,130,Rats,-15.16,45.21,10.39,14.05,3.22
Fish,Salomon,Ile_Fouquet,2.44,16,130,Rats,-13.42,45.07,10.44,14.18,3.18
Fish,Salomon,Ile_Fouquet,2.44,16,130,Rats,-14.27,45.02,10.4,14.23,3.16
Fish,Salomon,Ile_Fouquet,2.44,16,130,Rats,-13.77,44.11,11.39,14.16,3.12
Fish,Salomon,Ile_Fouquet,2.44,16,130,Rats,-14.1,43.16,10.84,13.59,3.17
Fish,Salomon,Sal_Ile_Anglaise,0.16,23.5,280,Rats,-14.57,45.53,10.26,14.1,3.23
Fish,Salomon,Sal_Ile_Anglaise,0.16,23.5,280,Rats,-13.38,41.97,9.98,13.15,3.19
Fish,Salomon,Sal_Ile_Anglaise,0.16,23.5,280,Rats,-14.5,44.68,10.72,14.02,3.19
Fish,Salomon,Sal_Ile_Anglaise,0.16,23.5,280,Rats,-14.09,42.13,9.99,13.14,3.21
Fish,Salomon,Sal_Ile_Anglaise,0.16,23.5,280,Rats,-13.74,46.09,10.3,14.33,3.22
Fish,Salomon,Sal_Ile_Anglaise,0.16,23.5,280,Rats,-14.89,45.54,10.1,14.27,3.19
Fish,Salomon,Sal_Ile_Anglaise,0.16,23.5,280,Rats,-14.36,43.2,10,13.68,3.16
Fish,Salomon,Sal_Ile_Anglaise,0.16,23.5,280,Rats,-13.32,43.86,10.13,13.57,3.23
Fish,Salomon,Sal_Ile_Anglaise,0.16,23.5,280,Rats,-13.67,44.5,10,14.11,3.15
Fish,Salomon,Sal_Ile_Anglaise,0.16,23.5,280,Rats,-14.74,42.35,10.68,13.09,3.24
Halimeda,Great_Chagos_Bank,Eagle,0.22,25.8,NA,Rats,-20.9,6.19,6.11,0.57,10.92
Halimeda,Great_Chagos_Bank,Eagle,0.22,25.8,NA,Rats,-21.25,4.79,3.99,0.31,15.49
Halimeda,Great_Chagos_Bank,Eagle,0.22,25.8,NA,Rats,-19.3,6.16,4.52,0.37,16.51
Halimeda,Great_Chagos_Bank,Eagle,0.22,25.8,NA,Rats,-20.72,5.39,5.14,0.39,13.96
Halimeda,Great_Chagos_Bank,Eagle,0.22,25.8,NA,Rats,-19.72,4.38,5.18,0.33,13.36
Halimeda,Great_Chagos_Bank,Eagle,0.22,25.8,NA,Rats,-19.74,7.01,4.21,0.39,17.94
Halimeda,Great_Chagos_Bank,Eagle,0.22,25.8,NA,Rats,-20.06,9.27,4.83,0.58,16.11
Halimeda,Great_Chagos_Bank,Eagle,0.22,25.8,NA,Rats,-20.61,5.94,6.82,0.51,11.6
Halimeda,Great_Chagos_Bank,Eagle,0.22,25.8,NA,Rats,-20.43,5.78,4.32,0.38,15.36
Halimeda,Great_Chagos_Bank,Middle_Brother,424.83,16.9,NA,No_rats,-17.01,7.05,13.62,0.83,8.46
Halimeda,Great_Chagos_Bank,Middle_Brother,424.83,16.9,NA,No_rats,-16.9,4.96,13.73,0.71,7.03
Halimeda,Great_Chagos_Bank,Middle_Brother,424.83,16.9,NA,No_rats,-16.68,5.6,13.62,0.65,8.57
Halimeda,Great_Chagos_Bank,Middle_Brother,424.83,16.9,NA,No_rats,-16.5,5.6,12.67,0.65,8.66
Halimeda,Great_Chagos_Bank,Middle_Brother,424.83,16.9,NA,No_rats,-17.54,5.71,10.9,0.78,7.31
Halimeda,Great_Chagos_Bank,Middle_Brother,424.83,16.9,NA,No_rats,-19.4,5,11.13,0.71,7.07
Halimeda,Great_Chagos_Bank,Middle_Brother,424.83,16.9,NA,No_rats,-18.2,6.97,11.16,0.97,7.15
Halimeda,Great_Chagos_Bank,Middle_Brother,424.83,16.9,NA,No_rats,-16.98,6.04,13.99,0.86,7.05
Halimeda,Great_Chagos_Bank,Middle_Brother,424.83,16.9,NA,No_rats,-17.53,6.63,13.57,0.92,7.2
Halimeda,Great_Chagos_Bank,Middle_Brother,424.83,16.9,NA,No_rats,-17.19,7.62,11.18,1,7.6
Halimeda,Great_Chagos_Bank,Nelson_Island,119.33,31.8,NA,No_rats,-14.86,8.15,7.63,0.74,11.03
Halimeda,Great_Chagos_Bank,Nelson_Island,119.33,31.8,NA,No_rats,-16.27,7.37,7.06,0.73,10.03
Halimeda,Great_Chagos_Bank,Nelson_Island,119.33,31.8,NA,No_rats,-15.58,8.57,7.38,0.77,11.12
Halimeda,Great_Chagos_Bank,Nelson_Island,119.33,31.8,NA,No_rats,-18.73,7.01,10.11,0.87,8.07
Halimeda,Great_Chagos_Bank,Nelson_Island,119.33,31.8,NA,No_rats,-14.26,9.1,8.8,0.75,12.17
Halimeda,Great_Chagos_Bank,Nelson_Island,119.33,31.8,NA,No_rats,-15.91,6.64,7.73,0.63,10.53
Halimeda,Great_Chagos_Bank,Nelson_Island,119.33,31.8,NA,No_rats,-15.36,6.13,9.39,0.68,9.07
Halimeda,Great_Chagos_Bank,Nelson_Island,119.33,31.8,NA,No_rats,-17.08,5.91,9.27,0.74,7.94
Halimeda,Great_Chagos_Bank,Nelson_Island,119.33,31.8,NA,No_rats,-16.33,7.89,7.46,0.8,9.84
Halimeda,Great_Chagos_Bank,Nelson_Island,119.33,31.8,NA,No_rats,-15.13,7.2,8.3,0.74,9.77
Halimeda,Great_Chagos_Bank,South_Brother,172.44,16.8,NA,No_rats,-17.91,57.49,9.54,3.64,15.78
Halimeda,Great_Chagos_Bank,South_Brother,172.44,16.8,NA,No_rats,-18.65,5.68,9.72,0.62,9.13
Halimeda,Great_Chagos_Bank,South_Brother,172.44,16.8,NA,No_rats,-17.6,41.73,9.89,2.44,17.08
Halimeda,Great_Chagos_Bank,South_Brother,172.44,16.8,NA,No_rats,-17.87,33.49,8.95,2.04,16.38
Halimeda,Great_Chagos_Bank,South_Brother,172.44,16.8,NA,No_rats,-18.72,32.57,10.06,1.81,18.05
Halimeda,Great_Chagos_Bank,South_Brother,172.44,16.8,NA,No_rats,-15.5,43.03,9.39,2.01,21.41
Halimeda,Great_Chagos_Bank,South_Brother,172.44,16.8,NA,No_rats,-18.13,11.29,9.97,1.24,9.13
Halimeda,Great_Chagos_Bank,South_Brother,172.44,16.8,NA,No_rats,-18.22,9,10.89,1.17,7.7
Halimeda,Great_Chagos_Bank,South_Brother,172.44,16.8,NA,No_rats,-18.57,6.86,9.68,0.75,9.17
Halimeda,Great_Chagos_Bank,South_Brother,172.44,16.8,NA,No_rats,-17.79,9.29,9.66,0.95,9.73
Halimeda,Peros_Banhos,Grande_Ile_Coquillage,213.46,36.7,NA,No_rats,-20.02,7.09,5.91,0.68,10.35
Halimeda,Peros_Banhos,Grande_Ile_Coquillage,213.46,36.7,NA,No_rats,-20.47,6.12,5.07,0.63,9.76
Halimeda,Peros_Banhos,Grande_Ile_Coquillage,213.46,36.7,NA,No_rats,-20.73,5.29,4.74,0.51,10.35
Halimeda,Peros_Banhos,Grande_Ile_Coquillage,213.46,36.7,NA,No_rats,-19.53,5.51,5.25,0.51,10.79
Halimeda,Peros_Banhos,Grande_Ile_Coquillage,213.46,36.7,NA,No_rats,-20.47,5.3,4.74,0.46,11.53
Halimeda,Peros_Banhos,Grande_Ile_Coquillage,213.46,36.7,NA,No_rats,-20.8,6.57,5.1,0.6,10.94
Halimeda,Peros_Banhos,Grande_Ile_Coquillage,213.46,36.7,NA,No_rats,-19.09,4.59,5.95,0.5,9.25
Halimeda,Peros_Banhos,Grande_Ile_Coquillage,213.46,36.7,NA,No_rats,-20.13,5.71,5.65,0.57,10.09
Halimeda,Peros_Banhos,Grande_Ile_Coquillage,213.46,36.7,NA,No_rats,-19.72,7.28,5.74,0.86,8.46
Halimeda,Peros_Banhos,Grande_Ile_Coquillage,213.46,36.7,NA,No_rats,-20.02,10.24,5.51,1.09,9.4
Halimeda,Peros_Banhos,Grande_Ile_Mapou,1.16,11.5,NA,Rats,-19.55,6.1,3.53,0.47,12.87
Halimeda,Peros_Banhos,Grande_Ile_Mapou,1.16,11.5,NA,Rats,-20.56,6.65,3.64,0.57,11.82
Halimeda,Peros_Banhos,Grande_Ile_Mapou,1.16,11.5,NA,Rats,-21.25,8.48,3.09,0.53,16.08
Halimeda,Peros_Banhos,Grande_Ile_Mapou,1.16,11.5,NA,Rats,-21.25,6.58,3.78,0.55,12.04
Halimeda,Peros_Banhos,Grande_Ile_Mapou,1.16,11.5,NA,Rats,-21.89,4.78,3.7,0.44,10.88
Halimeda,Peros_Banhos,Grande_Ile_Mapou,1.16,11.5,NA,Rats,-19.54,6.97,3.94,0.61,11.44
Halimeda,Peros_Banhos,Grande_Ile_Mapou,1.16,11.5,NA,Rats,-21.72,3.66,3.89,0.34,10.66
Halimeda,Peros_Banhos,Grande_Ile_Mapou,1.16,11.5,NA,Rats,-21,5.88,3.54,0.54,10.86
Halimeda,Peros_Banhos,Grande_Ile_Mapou,1.16,11.5,NA,Rats,-20.89,5.73,3.73,0.54,10.56
Halimeda,Peros_Banhos,Grande_Ile_Mapou,1.16,11.5,NA,Rats,-21.12,3.84,4.32,0.31,12.49
Halimeda,Peros_Banhos,Ile_Longue,206.42,6.1,NA,No_rats,-17.94,7.74,6.42,0.63,12.27
Halimeda,Peros_Banhos,Ile_Longue,206.42,6.1,NA,No_rats,-19.32,4.41,6.76,0.51,8.68
Halimeda,Peros_Banhos,Ile_Longue,206.42,6.1,NA,No_rats,-17.3,4.71,6.45,0.53,8.92
Halimeda,Peros_Banhos,Ile_Longue,206.42,6.1,NA,No_rats,-17.46,6.08,6.5,0.59,10.29
Halimeda,Peros_Banhos,Ile_Longue,206.42,6.1,NA,No_rats,-18.93,15.79,6.57,1.43,11.01
Halimeda,Peros_Banhos,Ile_Longue,206.42,6.1,NA,No_rats,-18.02,4.31,6.94,0.4,10.84
Halimeda,Peros_Banhos,Ile_Longue,206.42,6.1,NA,No_rats,-18.09,4.78,6.86,0.51,9.45
Halimeda,Peros_Banhos,Ile_Longue,206.42,6.1,NA,No_rats,-16.26,4.2,6.97,0.45,9.35
Halimeda,Peros_Banhos,Ile_Longue,206.42,6.1,NA,No_rats,-18.42,5.27,6.8,0.51,10.42
Halimeda,Peros_Banhos,Ile_Poule,0.04,19.1,NA,Rats,-20.56,7.24,3.48,0.59,12.35
Halimeda,Peros_Banhos,Ile_Poule,0.04,19.1,NA,Rats,-20.91,5.31,3.72,0.5,10.59
Halimeda,Peros_Banhos,Ile_Poule,0.04,19.1,NA,Rats,-21.05,7.9,3.61,0.5,15.79
Halimeda,Peros_Banhos,Ile_Poule,0.04,19.1,NA,Rats,-19.42,3.82,4.01,0.35,11
Halimeda,Peros_Banhos,Ile_Poule,0.04,19.1,NA,Rats,-19.83,4.27,3.64,0.38,11.13
Halimeda,Peros_Banhos,Ile_Poule,0.04,19.1,NA,Rats,-20.75,5.82,3.27,0.4,14.74
Halimeda,Peros_Banhos,Ile_Poule,0.04,19.1,NA,Rats,-20.75,3.54,4.25,0.29,12.07
Halimeda,Peros_Banhos,Ile_Poule,0.04,19.1,NA,Rats,-18.81,3.07,4,0.26,11.98
Halimeda,Peros_Banhos,Ile_Poule,0.04,19.1,NA,Rats,-20.54,4.95,3.78,0.33,14.82
Halimeda,Peros_Banhos,Ile_Poule,0.04,19.1,NA,Rats,-20.55,7.41,3.62,0.63,11.75
Halimeda,Peros_Banhos,PB_Ile_Anglaise,0.53,6.6,NA,Rats,-16.61,4.67,5.28,0.42,10.99
Halimeda,Peros_Banhos,PB_Ile_Anglaise,0.53,6.6,NA,Rats,-17.74,4.16,5,0.37,11.14
Halimeda,Peros_Banhos,PB_Ile_Anglaise,0.53,6.6,NA,Rats,-12.93,8.46,-1.21,0.81,10.46
Halimeda,Peros_Banhos,PB_Ile_Anglaise,0.53,6.6,NA,Rats,-18.45,5.89,5.06,0.53,11.21
Halimeda,Peros_Banhos,PB_Ile_Anglaise,0.53,6.6,NA,Rats,-17.65,3.82,5.66,0.35,11.05
Halimeda,Peros_Banhos,PB_Ile_Anglaise,0.53,6.6,NA,Rats,-17.49,4.55,5.32,0.42,10.86
Halimeda,Peros_Banhos,PB_Ile_Anglaise,0.53,6.6,NA,Rats,-17.93,5.94,4.97,0.46,12.93
Halimeda,Peros_Banhos,PB_Ile_Anglaise,0.53,6.6,NA,Rats,-19.05,5.73,4.88,0.5,11.49
Halimeda,Peros_Banhos,PB_Ile_Anglaise,0.53,6.6,NA,Rats,-16.62,3.63,4.36,0.31,11.78
Halimeda,Peros_Banhos,PB_Ile_Anglaise,0.53,6.6,NA,Rats,-17.4,3.05,5.17,0.3,10.15
Halimeda,Salomon,Ile_de_la_Passe,6.06,18.1,NA,No_rats,-22.69,4.41,4.4,0.51,8.58
Halimeda,Salomon,Ile_de_la_Passe,6.06,18.1,NA,No_rats,-21.08,4.93,4.73,0.49,10.1
Halimeda,Salomon,Ile_de_la_Passe,6.06,18.1,NA,No_rats,-21.19,4.14,4.91,0.44,9.37
Halimeda,Salomon,Ile_de_la_Passe,6.06,18.1,NA,No_rats,-22.28,3.54,4.75,0.42,8.51
Halimeda,Salomon,Ile_de_la_Passe,6.06,18.1,NA,No_rats,-17.92,4.61,4.43,0.39,11.9
Halimeda,Salomon,Ile_de_la_Passe,6.06,18.1,NA,No_rats,-22.89,3.59,4.78,0.44,8.25
Halimeda,Salomon,Ile_de_la_Passe,6.06,18.1,NA,No_rats,-20.27,2.77,4.78,0.33,8.4
Halimeda,Salomon,Ile_de_la_Passe,6.06,18.1,NA,No_rats,-19.16,4.84,4.75,0.39,12.36
Halimeda,Salomon,Ile_de_la_Passe,6.06,18.1,NA,No_rats,-21.15,8.02,4.28,0.83,9.67
Halimeda,Salomon,Ile_de_la_Passe,6.06,18.1,NA,No_rats,-21.53,8.85,4.34,0.91,9.69
Halimeda,Salomon,Ile_Fouquet,2.44,16,NA,Rats,-16.28,9.69,5.07,1.05,9.26
Halimeda,Salomon,Ile_Fouquet,2.44,16,NA,Rats,-17.94,10.82,5.4,1.33,8.14
Halimeda,Salomon,Ile_Fouquet,2.44,16,NA,Rats,-17.42,14.5,5.29,1.98,7.31
Halimeda,Salomon,Ile_Fouquet,2.44,16,NA,Rats,-20.99,10.05,4.84,1.49,6.76
Halimeda,Salomon,Ile_Fouquet,2.44,16,NA,Rats,-17.3,8.41,5.17,1.06,7.95
Halimeda,Salomon,Ile_Fouquet,2.44,16,NA,Rats,-17.67,10.66,5.3,1.54,6.93
Halimeda,Salomon,Ile_Fouquet,2.44,16,NA,Rats,-15.48,10.7,5.24,1.51,7.11
Halimeda,Salomon,Ile_Fouquet,2.44,16,NA,Rats,-20.94,7.99,5.1,1.25,6.42
Halimeda,Salomon,Ile_Fouquet,2.44,16,NA,Rats,-15.8,13.27,5.38,1.76,7.56
Halimeda,Salomon,Ile_Fouquet,2.44,16,NA,Rats,-17.58,10.07,5.12,1.46,6.88
Halimeda,Salomon,Sal_Ile_Anglaise,0.16,23.5,NA,Rats,-13.81,15.73,3.11,1.44,10.91
Halimeda,Salomon,Sal_Ile_Anglaise,0.16,23.5,NA,Rats,-15.77,10.56,4.68,1.36,7.75
Halimeda,Salomon,Sal_Ile_Anglaise,0.16,23.5,NA,Rats,-15.48,10.75,3.54,1.09,9.85
Halimeda,Salomon,Sal_Ile_Anglaise,0.16,23.5,NA,Rats,-16.53,9.34,4.74,1.2,7.76
Halimeda,Salomon,Sal_Ile_Anglaise,0.16,23.5,NA,Rats,-14.91,10.93,5.05,1.13,9.63
Halimeda,Salomon,Sal_Ile_Anglaise,0.16,23.5,NA,Rats,-17.12,13.75,3.51,1.19,11.6
Halimeda,Salomon,Sal_Ile_Anglaise,0.16,23.5,NA,Rats,-16.16,6.96,4.09,0.87,8.01
Halimeda,Salomon,Sal_Ile_Anglaise,0.16,23.5,NA,Rats,-18.73,8.92,2.72,1.51,5.9
Halimeda,Salomon,Sal_Ile_Anglaise,0.16,23.5,NA,Rats,-16.91,8.47,4.73,1.05,8.06
Halimeda,Salomon,Sal_Ile_Anglaise,0.16,23.5,NA,Rats,-13.05,16.08,3.99,1.41,11.42
Leaves,Great_Chagos_Bank,Eagle,0.22,25.8,NA,Rats,-27.05,47.72,-3.48,1.57,30.37
Leaves,Great_Chagos_Bank,Eagle,0.22,25.8,NA,Rats,-27.47,52.91,-1.87,1.69,31.46
Leaves,Great_Chagos_Bank,Eagle,0.22,25.8,NA,Rats,-27.57,44.91,-2.09,1.85,24.27
Leaves,Great_Chagos_Bank,Eagle,0.22,25.8,NA,Rats,-28.18,49.4,-2.52,1.7,29.11
Leaves,Great_Chagos_Bank,Eagle,0.22,25.8,NA,Rats,-27.27,46.06,-2.52,1.6,28.73
Leaves,Great_Chagos_Bank,Eagle,0.22,25.8,NA,Rats,-26.61,46.93,-2.84,1.99,23.6
Leaves,Great_Chagos_Bank,Eagle,0.22,25.8,NA,Rats,-27.77,45.8,-4.03,2.05,22.37
Leaves,Great_Chagos_Bank,Eagle,0.22,25.8,NA,Rats,-27.87,51.61,-2.08,1.68,30.7
Leaves,Great_Chagos_Bank,Eagle,0.22,25.8,NA,Rats,-28.81,49.54,-2.93,1.51,32.76
Leaves,Great_Chagos_Bank,Eagle,0.22,25.8,NA,Rats,-27.74,51.43,-1.85,1.49,34.54
Leaves,Great_Chagos_Bank,Middle_Brother,424.83,16.9,NA,No_rats,-26.88,49.35,8.35,2.04,24.16
Leaves,Great_Chagos_Bank,Middle_Brother,424.83,16.9,NA,No_rats,-27.01,52.62,8.6,1.85,28.52
Leaves,Great_Chagos_Bank,Middle_Brother,424.83,16.9,NA,No_rats,-28.23,47.01,8.15,2.09,22.47
Leaves,Great_Chagos_Bank,Middle_Brother,424.83,16.9,NA,No_rats,-28.63,49.35,7.73,1.92,25.65
Leaves,Great_Chagos_Bank,Middle_Brother,424.83,16.9,NA,No_rats,-26.41,47.58,9.4,2.2,21.63
Leaves,Great_Chagos_Bank,Middle_Brother,424.83,16.9,NA,No_rats,-28.1,48.18,8.98,2.12,22.76
Leaves,Great_Chagos_Bank,Middle_Brother,424.83,16.9,NA,No_rats,-27.84,52.57,8.86,2.16,24.39
Leaves,Great_Chagos_Bank,Middle_Brother,424.83,16.9,NA,No_rats,-27.33,52.35,9.96,1.72,30.45
Leaves,Great_Chagos_Bank,Middle_Brother,424.83,16.9,NA,No_rats,-27.54,52.5,10.83,1.83,28.72
Leaves,Great_Chagos_Bank,Middle_Brother,424.83,16.9,NA,No_rats,-27.14,53.25,7.51,1.56,34.11
Leaves,Great_Chagos_Bank,Nelson_Island,119.33,31.8,NA,No_rats,-25.91,45.87,5.95,2.41,19.07
Leaves,Great_Chagos_Bank,Nelson_Island,119.33,31.8,NA,No_rats,-28.49,51.09,5.83,2.21,23.08
Leaves,Great_Chagos_Bank,Nelson_Island,119.33,31.8,NA,No_rats,-25.7,47.71,8.04,2.4,19.87
Leaves,Great_Chagos_Bank,Nelson_Island,119.33,31.8,NA,No_rats,-26.31,43.68,6.91,2.06,21.19
Leaves,Great_Chagos_Bank,Nelson_Island,119.33,31.8,NA,No_rats,-24.66,47.67,8.43,2.01,23.72
Leaves,Great_Chagos_Bank,Nelson_Island,119.33,31.8,NA,No_rats,-27.32,44.14,8.23,2.41,18.35
Leaves,Great_Chagos_Bank,Nelson_Island,119.33,31.8,NA,No_rats,-26.53,53.28,7.7,1.82,29.27
Leaves,Great_Chagos_Bank,Nelson_Island,119.33,31.8,NA,No_rats,-28.68,49.28,6.46,2.44,20.18
Leaves,Great_Chagos_Bank,Nelson_Island,119.33,31.8,NA,No_rats,-26.75,51.82,8.65,2.13,24.38
Leaves,Great_Chagos_Bank,Nelson_Island,119.33,31.8,NA,No_rats,-29.19,50.78,8.35,1.95,26.04
Leaves,Great_Chagos_Bank,South_Brother,172.44,16.8,NA,No_rats,-27.47,48.7,8.59,1.92,25.39
Leaves,Great_Chagos_Bank,South_Brother,172.44,16.8,NA,No_rats,-26.01,49.23,12.47,1.53,32.2
Leaves,Great_Chagos_Bank,South_Brother,172.44,16.8,NA,No_rats,-26.37,51.42,11.81,1.66,30.95
Leaves,Great_Chagos_Bank,South_Brother,172.44,16.8,NA,No_rats,-27.11,49.81,10.82,1.58,31.46
Leaves,Great_Chagos_Bank,South_Brother,172.44,16.8,NA,No_rats,-26.74,47.43,12.77,1.85,25.68
Leaves,Great_Chagos_Bank,South_Brother,172.44,16.8,NA,No_rats,-26.9,50.46,12.03,1.74,28.93
Leaves,Great_Chagos_Bank,South_Brother,172.44,16.8,NA,No_rats,-26.57,50.84,10.82,1.61,31.61
Leaves,Great_Chagos_Bank,South_Brother,172.44,16.8,NA,No_rats,-26.85,52.48,11.86,1.96,26.84
Leaves,Great_Chagos_Bank,South_Brother,172.44,16.8,NA,No_rats,-27.14,51.16,13.49,1.86,27.58
Leaves,Great_Chagos_Bank,South_Brother,172.44,16.8,NA,No_rats,-27.32,50.75,11.19,1.89,26.89
Leaves,Peros_Banhos,Grande_Ile_Coquillage,213.46,36.7,NA,No_rats,-26.1,47.17,10.72,2.18,21.63
Leaves,Peros_Banhos,Grande_Ile_Coquillage,213.46,36.7,NA,No_rats,-29.19,44.19,11.63,3.02,14.62
Leaves,Peros_Banhos,Grande_Ile_Coquillage,213.46,36.7,NA,No_rats,-27.02,43.35,10.52,2.55,17.02
Leaves,Peros_Banhos,Grande_Ile_Coquillage,213.46,36.7,NA,No_rats,-29.02,43.58,10.61,2.5,17.4
Leaves,Peros_Banhos,Grande_Ile_Coquillage,213.46,36.7,NA,No_rats,-27.48,37.27,12.21,2.09,17.85
Leaves,Peros_Banhos,Grande_Ile_Coquillage,213.46,36.7,NA,No_rats,-28.49,46.55,10.69,2.69,17.33
Leaves,Peros_Banhos,Grande_Ile_Coquillage,213.46,36.7,NA,No_rats,-27.35,50.35,10.72,2.27,22.22
Leaves,Peros_Banhos,Grande_Ile_Coquillage,213.46,36.7,NA,No_rats,-27.59,49.39,12.02,2.44,20.23
Leaves,Peros_Banhos,Grande_Ile_Coquillage,213.46,36.7,NA,No_rats,-26.9,48.67,10.95,2.06,23.58
Leaves,Peros_Banhos,Grande_Ile_Coquillage,213.46,36.7,NA,No_rats,-25.89,44.91,12.5,1.95,23.03
Leaves,Peros_Banhos,Grande_Ile_Mapou,1.16,11.5,NA,Rats,-25.54,46.3,-2.87,1.8,25.87
Leaves,Peros_Banhos,Grande_Ile_Mapou,1.16,11.5,NA,Rats,-25.08,50.84,-0.13,1.61,31.59
Leaves,Peros_Banhos,Grande_Ile_Mapou,1.16,11.5,NA,Rats,-25.84,48.53,6.46,1.9,25.53
Leaves,Peros_Banhos,Grande_Ile_Mapou,1.16,11.5,NA,Rats,-24.67,50.48,-0.93,1.88,26.8
Leaves,Peros_Banhos,Grande_Ile_Mapou,1.16,11.5,NA,Rats,-25.4,49.16,-1.35,1.68,29.19
Leaves,Peros_Banhos,Grande_Ile_Mapou,1.16,11.5,NA,Rats,-26.49,44.64,-0.02,1.85,24.08
Leaves,Peros_Banhos,Grande_Ile_Mapou,1.16,11.5,NA,Rats,-25.7,45.55,-1.91,1.83,24.88
Leaves,Peros_Banhos,Grande_Ile_Mapou,1.16,11.5,NA,Rats,-25.03,51.38,6.15,1.71,30.06
Leaves,Peros_Banhos,Grande_Ile_Mapou,1.16,11.5,NA,Rats,-24.51,51.76,6.31,1.74,29.77
Leaves,Peros_Banhos,Grande_Ile_Mapou,1.16,11.5,NA,Rats,-25.03,51.14,-0.25,1.82,28.09
Leaves,Peros_Banhos,Ile_Longue,206.42,6.1,NA,No_rats,-26.34,46.45,8.18,1.68,27.61
Leaves,Peros_Banhos,Ile_Longue,206.42,6.1,NA,No_rats,-24.37,52.46,9.76,1.86,28.24
Leaves,Peros_Banhos,Ile_Longue,206.42,6.1,NA,No_rats,-23.41,47.91,10.84,1.9,25.26
Leaves,Peros_Banhos,Ile_Longue,206.42,6.1,NA,No_rats,-25.71,44.46,9.02,1.81,24.61
Leaves,Peros_Banhos,Ile_Longue,206.42,6.1,NA,No_rats,-25.55,45.78,8.42,2.45,18.7
Leaves,Peros_Banhos,Ile_Longue,206.42,6.1,NA,No_rats,-23.75,44.78,9.49,1.58,28.39
Leaves,Peros_Banhos,Ile_Longue,206.42,6.1,NA,No_rats,-24.73,49.78,11.85,2.09,23.81
Leaves,Peros_Banhos,Ile_Longue,206.42,6.1,NA,No_rats,-24.85,49.32,11.84,2.11,23.33
Leaves,Peros_Banhos,Ile_Longue,206.42,6.1,NA,No_rats,-23.24,48.48,9.84,1.59,30.4
Leaves,Peros_Banhos,Ile_Longue,206.42,6.1,NA,No_rats,-25.07,51.53,9.78,2.34,21.98
Leaves,Peros_Banhos,Ile_Poule,0.04,19.1,NA,Rats,-26.74,48.13,-1.94,2.01,23.96
Leaves,Peros_Banhos,Ile_Poule,0.04,19.1,NA,Rats,-26.55,50.33,-3.61,1.89,26.65
Leaves,Peros_Banhos,Ile_Poule,0.04,19.1,NA,Rats,-27.27,47.41,-2.91,1.41,33.69
Leaves,Peros_Banhos,Ile_Poule,0.04,19.1,NA,Rats,-25.33,49.01,-2.96,2.44,20.11
Leaves,Peros_Banhos,Ile_Poule,0.04,19.1,NA,Rats,-26.27,49.16,-2.38,1.97,24.91
Leaves,Peros_Banhos,Ile_Poule,0.04,19.1,NA,Rats,-27.19,48.98,-2.94,1.75,27.98
Leaves,Peros_Banhos,Ile_Poule,0.04,19.1,NA,Rats,-27.3,51.58,-2.83,1.91,27.03
Leaves,Peros_Banhos,Ile_Poule,0.04,19.1,NA,Rats,-25.14,52.44,-3.21,2.17,24.12
Leaves,Peros_Banhos,Ile_Poule,0.04,19.1,NA,Rats,-28.05,49.53,-3.79,1.64,30.28
Leaves,Peros_Banhos,Ile_Poule,0.04,19.1,NA,Rats,-25.85,48.25,-3.13,2.04,23.71
Leaves,Peros_Banhos,PB_Ile_Anglaise,0.53,6.6,NA,Rats,-27.05,46.51,-4.33,2.26,20.62
Leaves,Peros_Banhos,PB_Ile_Anglaise,0.53,6.6,NA,Rats,-27.35,50.87,-3.84,1.59,31.95
Leaves,Peros_Banhos,PB_Ile_Anglaise,0.53,6.6,NA,Rats,-26.13,46.94,-4.78,1.62,28.94
Leaves,Peros_Banhos,PB_Ile_Anglaise,0.53,6.6,NA,Rats,-27.26,44.63,-4.65,1.84,24.3
Leaves,Peros_Banhos,PB_Ile_Anglaise,0.53,6.6,NA,Rats,-26.72,48.1,-0.8,1.85,25.96
Leaves,Peros_Banhos,PB_Ile_Anglaise,0.53,6.6,NA,Rats,-29.07,45.25,-5.26,1.59,28.39
Leaves,Peros_Banhos,PB_Ile_Anglaise,0.53,6.6,NA,Rats,-28.77,49.4,-2.87,1.52,32.5
Leaves,Peros_Banhos,PB_Ile_Anglaise,0.53,6.6,NA,Rats,-27.37,48.77,-4.55,1.42,34.27
Leaves,Peros_Banhos,PB_Ile_Anglaise,0.53,6.6,NA,Rats,-26.9,52.02,-2.97,2.06,25.22
Leaves,Peros_Banhos,PB_Ile_Anglaise,0.53,6.6,NA,Rats,-27.31,50.61,-3.75,1.29,39.34
Leaves,Salomon,Ile_de_la_Passe,6.06,18.1,NA,No_rats,-27.93,45.27,6.81,1.79,25.35
Leaves,Salomon,Ile_de_la_Passe,6.06,18.1,NA,No_rats,-28.94,50.64,4.64,2.25,22.55
Leaves,Salomon,Ile_de_la_Passe,6.06,18.1,NA,No_rats,-27.79,50.68,6.37,2.13,23.83
Leaves,Salomon,Ile_de_la_Passe,6.06,18.1,NA,No_rats,-28.98,48.16,7.31,2.07,23.26
Leaves,Salomon,Ile_de_la_Passe,6.06,18.1,NA,No_rats,-28.87,43.18,4.62,1.63,26.44
Leaves,Salomon,Ile_de_la_Passe,6.06,18.1,NA,No_rats,-27.01,46.58,4.29,1.93,24.18
Leaves,Salomon,Ile_de_la_Passe,6.06,18.1,NA,No_rats,-28.8,49.42,5.85,2.13,23.21
Leaves,Salomon,Ile_de_la_Passe,6.06,18.1,NA,No_rats,-25.49,49.91,6.06,2.12,23.55
Leaves,Salomon,Ile_de_la_Passe,6.06,18.1,NA,No_rats,-25.54,51,6.93,1.81,28.2
Leaves,Salomon,Ile_de_la_Passe,6.06,18.1,NA,No_rats,-26,50.3,6.26,1.91,26.32
Leaves,Salomon,Ile_Fouquet,2.44,16,NA,Rats,-29.96,45.28,5.29,1.72,26.35
Leaves,Salomon,Ile_Fouquet,2.44,16,NA,Rats,-26.6,51.04,12.8,1.95,26.15
Leaves,Salomon,Ile_Fouquet,2.44,16,NA,Rats,-29.51,47.33,7.24,2.74,17.28
Leaves,Salomon,Ile_Fouquet,2.44,16,NA,Rats,-27.21,47.43,3.58,2.41,19.69
Leaves,Salomon,Ile_Fouquet,2.44,16,NA,Rats,-28.04,42.8,5.45,2.15,19.89
Leaves,Salomon,Ile_Fouquet,2.44,16,NA,Rats,-28.53,45.65,11.41,2.93,15.6
Leaves,Salomon,Ile_Fouquet,2.44,16,NA,Rats,-29.19,52.03,6.34,2.44,21.36
Leaves,Salomon,Ile_Fouquet,2.44,16,NA,Rats,-28.28,51.58,6.37,2.26,22.78
Leaves,Salomon,Ile_Fouquet,2.44,16,NA,Rats,-27.01,51.31,10.6,1.97,26.01
Leaves,Salomon,Ile_Fouquet,2.44,16,NA,Rats,-28.54,52.19,7.47,2.1,24.87
Leaves,Salomon,Sal_Ile_Anglaise,0.16,23.5,NA,Rats,-29.02,46.2,-4.44,1.53,30.14
Leaves,Salomon,Sal_Ile_Anglaise,0.16,23.5,NA,Rats,-25.65,49.81,-3.12,1.72,28.9
Leaves,Salomon,Sal_Ile_Anglaise,0.16,23.5,NA,Rats,-26.32,46.36,-3.63,1.67,27.8
Leaves,Salomon,Sal_Ile_Anglaise,0.16,23.5,NA,Rats,-28.76,48.04,-4.02,1.3,36.94
Leaves,Salomon,Sal_Ile_Anglaise,0.16,23.5,NA,Rats,-26.54,46.36,-5.23,1.41,32.97
Leaves,Salomon,Sal_Ile_Anglaise,0.16,23.5,NA,Rats,-28.3,43.17,-4.49,1.67,25.77
Leaves,Salomon,Sal_Ile_Anglaise,0.16,23.5,NA,Rats,-25.76,42.98,-2.49,1.51,28.54
Leaves,Salomon,Sal_Ile_Anglaise,0.16,23.5,NA,Rats,-26.43,50.56,-4.26,1.82,27.77
Leaves,Salomon,Sal_Ile_Anglaise,0.16,23.5,NA,Rats,-28.04,44.46,-2.98,1.29,34.4
Leaves,Salomon,Sal_Ile_Anglaise,0.16,23.5,NA,Rats,-27.07,52.09,-4.43,1.67,31.11
Soil,Great_Chagos_Bank,Eagle,0.22,25.8,NA,Rats,-27.64,7.32,2.43,0.47,15.61
Soil,Great_Chagos_Bank,Eagle,0.22,25.8,NA,Rats,-27.59,7.15,2,0.58,12.24
Soil,Great_Chagos_Bank,Eagle,0.22,25.8,NA,Rats,-27.13,2.7,2.62,0.22,12.43
Soil,Great_Chagos_Bank,Eagle,0.22,25.8,NA,Rats,-27.59,4.69,2.64,0.36,12.93
Soil,Great_Chagos_Bank,Eagle,0.22,25.8,NA,Rats,-27.33,3.99,2.62,0.3,13.14
Soil,Great_Chagos_Bank,Eagle,0.22,25.8,NA,Rats,-27.34,4.75,2.5,0.36,13.37
Soil,Great_Chagos_Bank,Eagle,0.22,25.8,NA,Rats,-26.73,2.35,2.94,0.2,11.57
Soil,Great_Chagos_Bank,Eagle,0.22,25.8,NA,Rats,-27.28,3.9,2.84,0.32,12.23
Soil,Great_Chagos_Bank,Eagle,0.22,25.8,NA,Rats,-26.83,2.82,3.37,0.24,11.81
Soil,Great_Chagos_Bank,Eagle,0.22,25.8,NA,Rats,-26.64,1.05,2.03,0.09,12.32
Soil,Great_Chagos_Bank,Middle_Brother,424.83,16.9,NA,No_rats,-23.47,3.12,13.44,0.41,7.58
Soil,Great_Chagos_Bank,Middle_Brother,424.83,16.9,NA,No_rats,-24.69,4.09,12.73,0.53,7.69
Soil,Great_Chagos_Bank,Middle_Brother,424.83,16.9,NA,No_rats,-24.63,2.73,12.52,0.36,7.67
Soil,Great_Chagos_Bank,Middle_Brother,424.83,16.9,NA,No_rats,-21.09,7.71,12.52,0.34,22.58
Soil,Great_Chagos_Bank,Middle_Brother,424.83,16.9,NA,No_rats,-24.18,3.43,13.49,0.44,7.81
Soil,Great_Chagos_Bank,Middle_Brother,424.83,16.9,NA,No_rats,-22.69,6.42,13.78,0.26,24.58
Soil,Great_Chagos_Bank,Middle_Brother,424.83,16.9,NA,No_rats,-22.33,5.38,13.34,0.23,23.02
Soil,Great_Chagos_Bank,Middle_Brother,424.83,16.9,NA,No_rats,-23.1,7.17,12.6,0.26,27.82
Soil,Great_Chagos_Bank,Middle_Brother,424.83,16.9,NA,No_rats,-24.41,3.26,15.41,0.46,7.15
Soil,Great_Chagos_Bank,Nelson_Island,119.33,31.8,NA,No_rats,-25.11,4.21,13.82,0.49,8.55
Soil,Great_Chagos_Bank,Nelson_Island,119.33,31.8,NA,No_rats,-24.24,3.43,14.41,0.52,6.63
Soil,Great_Chagos_Bank,Nelson_Island,119.33,31.8,NA,No_rats,-26.18,2.45,14.01,0.27,8.97
Soil,Great_Chagos_Bank,Nelson_Island,119.33,31.8,NA,No_rats,-25.89,7.81,13.85,0.77,10.18
Soil,Great_Chagos_Bank,Nelson_Island,119.33,31.8,NA,No_rats,-24.43,12.59,15.83,1.81,6.94
Soil,Great_Chagos_Bank,Nelson_Island,119.33,31.8,NA,No_rats,-24.3,10.92,15.58,1.57,6.97
Soil,Great_Chagos_Bank,Nelson_Island,119.33,31.8,NA,No_rats,-26.54,4.44,11.1,0.57,7.75
Soil,Great_Chagos_Bank,Nelson_Island,119.33,31.8,NA,No_rats,-24.96,42.44,15.71,5.24,8.09
Soil,Great_Chagos_Bank,Nelson_Island,119.33,31.8,NA,No_rats,-25.36,29.93,16.89,3.87,7.72
Soil,Great_Chagos_Bank,Nelson_Island,119.33,31.8,NA,No_rats,-24.95,19.06,16.23,2.59,7.37
Soil,Great_Chagos_Bank,South_Brother,172.44,16.8,NA,No_rats,-20.31,6.03,14.58,0.82,7.38
Soil,Great_Chagos_Bank,South_Brother,172.44,16.8,NA,No_rats,-21.49,5.11,13.29,0.66,7.73
Soil,Great_Chagos_Bank,South_Brother,172.44,16.8,NA,No_rats,-24.05,17.75,15.61,1.65,10.73
Soil,Great_Chagos_Bank,South_Brother,172.44,16.8,NA,No_rats,-22.79,5.75,14.82,0.73,7.89
Soil,Great_Chagos_Bank,South_Brother,172.44,16.8,NA,No_rats,-19.48,2.98,15.15,0.46,6.52
Soil,Great_Chagos_Bank,South_Brother,172.44,16.8,NA,No_rats,-18.78,4.56,14.39,0.62,7.3
Soil,Great_Chagos_Bank,South_Brother,172.44,16.8,NA,No_rats,-20.89,4.82,15.06,0.64,7.53
Soil,Great_Chagos_Bank,South_Brother,172.44,16.8,NA,No_rats,-24.19,8.02,13.8,0.95,8.44
Soil,Great_Chagos_Bank,South_Brother,172.44,16.8,NA,No_rats,-22.23,7.62,14.63,1.05,7.23
Soil,Great_Chagos_Bank,South_Brother,172.44,16.8,NA,No_rats,-24.15,12.12,13.57,1.27,9.54
Soil,Peros_Banhos,Grande_Ile_Coquillage,213.46,36.7,NA,No_rats,-24.08,3.37,13.47,0.43,2.3
Soil,Peros_Banhos,Grande_Ile_Coquillage,213.46,36.7,NA,No_rats,-27.35,6.81,11.07,0.56,3.55
Soil,Peros_Banhos,Grande_Ile_Coquillage,213.46,36.7,NA,No_rats,-25.64,5.97,15.16,0.71,2.45
Soil,Peros_Banhos,Grande_Ile_Coquillage,213.46,36.7,NA,No_rats,-24.19,2.74,11.98,0.36,2.24
Soil,Peros_Banhos,Grande_Ile_Coquillage,213.46,36.7,NA,No_rats,-25.75,5.37,13.25,0.64,2.46
Soil,Peros_Banhos,Grande_Ile_Coquillage,213.46,36.7,NA,No_rats,-25.35,3.31,10.83,0.42,2.32
Soil,Peros_Banhos,Grande_Ile_Coquillage,213.46,36.7,NA,No_rats,-25.18,3.7,12.54,0.51,2.12
Soil,Peros_Banhos,Grande_Ile_Coquillage,213.46,36.7,NA,No_rats,-26.67,21.8,14.18,2,3.19
Soil,Peros_Banhos,Grande_Ile_Coquillage,213.46,36.7,NA,No_rats,-23.08,3.19,11.55,0.46,2.03
Soil,Peros_Banhos,Grande_Ile_Coquillage,213.46,36.7,NA,No_rats,-26.19,7.09,12.79,0.81,2.55
Soil,Peros_Banhos,Grande_Ile_Mapou,1.16,11.5,NA,Rats,-26.92,3.66,4.7,0.28,3.86
Soil,Peros_Banhos,Grande_Ile_Mapou,1.16,11.5,NA,Rats,-26.74,4.33,2.45,0.4,3.18
Soil,Peros_Banhos,Grande_Ile_Mapou,1.16,11.5,NA,Rats,-27.81,7.62,4.27,0.55,4.04
Soil,Peros_Banhos,Grande_Ile_Mapou,1.16,11.5,NA,Rats,-27.22,7.31,5.71,0.62,3.47
Soil,Peros_Banhos,Grande_Ile_Mapou,1.16,11.5,NA,Rats,-27.03,4.39,1.39,0.4,3.22
Soil,Peros_Banhos,Grande_Ile_Mapou,1.16,11.5,NA,Rats,-26.56,2.44,3.03,0.24,3.01
Soil,Peros_Banhos,Grande_Ile_Mapou,1.16,11.5,NA,Rats,-26.16,1.14,3.17,0.08,14.81
Soil,Peros_Banhos,Grande_Ile_Mapou,1.16,11.5,NA,Rats,-27.21,3.16,0.96,0.3,3.08
Soil,Peros_Banhos,Grande_Ile_Mapou,1.16,11.5,NA,Rats,-22.29,2.75,2.31,0.22,3.58
Soil,Peros_Banhos,Grande_Ile_Mapou,1.16,11.5,NA,Rats,-26.23,3.22,3.3,0.32,2.92
Soil,Peros_Banhos,Ile_Longue,206.42,6.1,NA,No_rats,-26.68,44.29,15.65,4.17,10.62
Soil,Peros_Banhos,Ile_Longue,206.42,6.1,NA,No_rats,-21.66,8.93,10.14,1.16,2.26
Soil,Peros_Banhos,Ile_Longue,206.42,6.1,NA,No_rats,-25.77,3.11,9.92,0.3,3.05
Soil,Peros_Banhos,Ile_Longue,206.42,6.1,NA,No_rats,-26.13,46.31,14.94,4.25,10.91
Soil,Peros_Banhos,Ile_Longue,206.42,6.1,NA,No_rats,-25.59,8.25,13.4,1.13,2.14
Soil,Peros_Banhos,Ile_Longue,206.42,6.1,NA,No_rats,-21.16,0.95,12.09,0.11,8.69
Soil,Peros_Banhos,Ile_Longue,206.42,6.1,NA,No_rats,-26.2,11.94,14.52,1.25,2.79
Soil,Peros_Banhos,Ile_Longue,206.42,6.1,NA,No_rats,-22.06,1.11,13.55,0.17,6.75
Soil,Peros_Banhos,Ile_Longue,206.42,6.1,NA,No_rats,-24.13,2.27,11.76,0.25,9.05
Soil,Peros_Banhos,Ile_Longue,206.42,6.1,NA,No_rats,-25.35,23.52,15.57,2.87,8.19
Soil,Peros_Banhos,Ile_Poule,0.04,19.1,NA,Rats,-26.6,8.9,2.35,0.68,3.82
Soil,Peros_Banhos,Ile_Poule,0.04,19.1,NA,Rats,-26.73,3.52,3.64,0.27,3.75
Soil,Peros_Banhos,Ile_Poule,0.04,19.1,NA,Rats,-26.39,5.3,4.26,0.44,3.55
Soil,Peros_Banhos,Ile_Poule,0.04,19.1,NA,Rats,-25.47,0.63,4.69,0.05,12.25
Soil,Peros_Banhos,Ile_Poule,0.04,19.1,NA,Rats,-26.6,9.79,1.88,0.66,4.31
Soil,Peros_Banhos,Ile_Poule,0.04,19.1,NA,Rats,-26.56,2.95,3.55,0.25,3.49
Soil,Peros_Banhos,Ile_Poule,0.04,19.1,NA,Rats,-26.2,3.71,4.31,0.29,3.7
Soil,Peros_Banhos,Ile_Poule,0.04,19.1,NA,Rats,-26.92,10.46,2.2,0.63,4.88
Soil,Peros_Banhos,Ile_Poule,0.04,19.1,NA,Rats,-27.28,5.01,3.31,0.37,4.01
Soil,Peros_Banhos,Ile_Poule,0.04,19.1,NA,Rats,-26.62,7.13,1.87,0.5,4.14
Soil,Peros_Banhos,PB_Ile_Anglaise,0.53,6.6,NA,Rats,-27.13,4.11,1.22,0.31,3.88
Soil,Peros_Banhos,PB_Ile_Anglaise,0.53,6.6,NA,Rats,-26.89,5.2,1.73,0.38,4
Soil,Peros_Banhos,PB_Ile_Anglaise,0.53,6.6,NA,Rats,-24.9,0.94,2.17,0.06,16.03
Soil,Peros_Banhos,PB_Ile_Anglaise,0.53,6.6,NA,Rats,-26.12,2.43,2.98,0.22,3.3
Soil,Peros_Banhos,PB_Ile_Anglaise,0.53,6.6,NA,Rats,-27.73,6.5,1.18,0.43,4.4
Soil,Peros_Banhos,PB_Ile_Anglaise,0.53,6.6,NA,Rats,-26.77,1.92,1.59,0.15,12.88
Soil,Peros_Banhos,PB_Ile_Anglaise,0.53,6.6,NA,Rats,-26.56,3.1,2.08,0.22,4.11
Soil,Peros_Banhos,PB_Ile_Anglaise,0.53,6.6,NA,Rats,-26.77,3.92,2.83,0.32,3.57
Soil,Peros_Banhos,PB_Ile_Anglaise,0.53,6.6,NA,Rats,-25.42,0.91,2.31,0.05,17.11
Soil,Peros_Banhos,PB_Ile_Anglaise,0.53,6.6,NA,Rats,-27.14,3.05,2.59,0.2,4.39
Soil,Salomon,Ile_de_la_Passe,6.06,18.1,NA,No_rats,-26.11,5.01,4.71,0.34,14.52
Soil,Salomon,Ile_de_la_Passe,6.06,18.1,NA,No_rats,-25.77,3.05,10.33,0.33,9.28
Soil,Salomon,Ile_de_la_Passe,6.06,18.1,NA,No_rats,-26.02,5.34,10.74,0.57,9.38
Soil,Salomon,Ile_de_la_Passe,6.06,18.1,NA,No_rats,-27.06,4.33,6.53,0.38,11.42
Soil,Salomon,Ile_de_la_Passe,6.06,18.1,NA,No_rats,-26.18,6.83,11.31,0.77,8.9
Soil,Salomon,Ile_de_la_Passe,6.06,18.1,NA,No_rats,-26.12,4.4,7.05,0.46,9.57
Soil,Salomon,Ile_de_la_Passe,6.06,18.1,NA,No_rats,-25.76,3.38,6.74,0.33,10.1
Soil,Salomon,Ile_de_la_Passe,6.06,18.1,NA,No_rats,-24.95,2.37,8.87,0.28,8.55
Soil,Salomon,Ile_de_la_Passe,6.06,18.1,NA,No_rats,-26.37,3.1,7.98,0.29,10.83
Soil,Salomon,Ile_de_la_Passe,6.06,18.1,NA,No_rats,-26.09,3.26,5.4,0.29,11.32
Soil,Salomon,Ile_Fouquet,2.44,16,NA,Rats,-26.76,4.56,7.53,0.41,11.1
Soil,Salomon,Ile_Fouquet,2.44,16,NA,Rats,-26.48,5.47,8,0.47,11.63
Soil,Salomon,Ile_Fouquet,2.44,16,NA,Rats,-27.29,4.46,6.55,0.39,11.49
Soil,Salomon,Ile_Fouquet,2.44,16,NA,Rats,-26.46,2.9,7.56,0.28,10.38
Soil,Salomon,Ile_Fouquet,2.44,16,NA,Rats,-26.46,3.95,7.32,0.35,11.24
Soil,Salomon,Ile_Fouquet,2.44,16,NA,Rats,-26.56,6.64,7.86,0.61,10.96
Soil,Salomon,Ile_Fouquet,2.44,16,NA,Rats,-26.89,4.07,6.39,0.32,12.92
Soil,Salomon,Ile_Fouquet,2.44,16,NA,Rats,-26.97,4.57,7.33,0.39,11.64
Soil,Salomon,Ile_Fouquet,2.44,16,NA,Rats,-26.46,4.99,6.77,0.43,11.56
Soil,Salomon,Ile_Fouquet,2.44,16,NA,Rats,-25.77,0.85,7.18,0.07,11.72
Soil,Salomon,Sal_Ile_Anglaise,0.16,23.5,NA,Rats,-27.34,7.47,1.92,0.53,13.98
Soil,Salomon,Sal_Ile_Anglaise,0.16,23.5,NA,Rats,-26.86,10.73,1.54,0.69,15.61
Soil,Salomon,Sal_Ile_Anglaise,0.16,23.5,NA,Rats,-26.94,7.38,1.3,0.5,14.91
Soil,Salomon,Sal_Ile_Anglaise,0.16,23.5,NA,Rats,-26.79,7.37,1.63,0.54,13.57
Soil,Salomon,Sal_Ile_Anglaise,0.16,23.5,NA,Rats,-27.28,7.39,1.29,0.49,14.96
Soil,Salomon,Sal_Ile_Anglaise,0.16,23.5,NA,Rats,-27.17,3.51,2.98,0.28,12.67
Soil,Salomon,Sal_Ile_Anglaise,0.16,23.5,NA,Rats,-27.06,8.33,0.84,0.53,15.7
Soil,Salomon,Sal_Ile_Anglaise,0.16,23.5,NA,Rats,-27.47,9.1,1.83,0.54,16.79
Soil,Salomon,Sal_Ile_Anglaise,0.16,23.5,NA,Rats,-27.39,4.75,3.07,0.36,13.18
Soil,Salomon,Sal_Ile_Anglaise,0.16,23.5,NA,Rats,-26.69,5.64,3.82,0.47,11.88
Sponge,Great_Chagos_Bank,Eagle,0.22,25.8,NA,Rats,-12.65,15.95,6.83,3.93,4.06
Sponge,Great_Chagos_Bank,Eagle,0.22,25.8,NA,Rats,-9.92,5.17,6.73,0.91,5.71
Sponge,Great_Chagos_Bank,Eagle,0.22,25.8,NA,Rats,-12.43,16.37,6.3,3.9,4.2
Sponge,Great_Chagos_Bank,Eagle,0.22,25.8,NA,Rats,-12.07,19.31,6.3,4.74,4.07
Sponge,Great_Chagos_Bank,Eagle,0.22,25.8,NA,Rats,-13.4,12.15,6.63,2.85,4.26
Sponge,Great_Chagos_Bank,Eagle,0.22,25.8,NA,Rats,-12.75,10.81,6.12,2.58,4.19
Sponge,Great_Chagos_Bank,Eagle,0.22,25.8,NA,Rats,-12.67,18,6.31,4.1,4.39
Sponge,Great_Chagos_Bank,Eagle,0.22,25.8,NA,Rats,-13.08,17.54,6.24,4.19,4.18
Sponge,Great_Chagos_Bank,Eagle,0.22,25.8,NA,Rats,-12.28,17.89,6.11,4.33,4.14
Sponge,Great_Chagos_Bank,Eagle,0.22,25.8,NA,Rats,-11.6,20.01,6.22,5.03,3.98
Sponge,Great_Chagos_Bank,Middle_Brother,424.83,16.9,NA,No_rats,-24.14,34.17,6.47,6.21,5.5
Sponge,Great_Chagos_Bank,Middle_Brother,424.83,16.9,NA,No_rats,-25.51,33.04,6.48,5.64,5.85
Sponge,Great_Chagos_Bank,Middle_Brother,424.83,16.9,NA,No_rats,-25.8,33.22,6.28,5.77,5.76
Sponge,Great_Chagos_Bank,Middle_Brother,424.83,16.9,NA,No_rats,-24.11,32.38,6.38,6.03,5.37
Sponge,Great_Chagos_Bank,Middle_Brother,424.83,16.9,NA,No_rats,-24.72,32.84,5.68,5.68,5.78
Sponge,Great_Chagos_Bank,Middle_Brother,424.83,16.9,NA,No_rats,-24.93,32.76,5.84,5.69,5.76
Sponge,Great_Chagos_Bank,Middle_Brother,424.83,16.9,NA,No_rats,-26.16,32.58,5.81,5.57,5.85
Sponge,Great_Chagos_Bank,Middle_Brother,424.83,16.9,NA,No_rats,-25.55,33.33,6.33,5.82,5.73
Sponge,Great_Chagos_Bank,Middle_Brother,424.83,16.9,NA,No_rats,-24.15,30.58,5.99,5.4,5.66
Sponge,Great_Chagos_Bank,Middle_Brother,424.83,16.9,NA,No_rats,-25.46,33.35,6.14,5.71,5.84
Sponge,Great_Chagos_Bank,Nelson_Island,119.33,31.8,NA,No_rats,-12.25,16.52,7.6,4.09,4.04
Sponge,Great_Chagos_Bank,Nelson_Island,119.33,31.8,NA,No_rats,-13.12,17.83,8.12,4.23,4.22
Sponge,Great_Chagos_Bank,Nelson_Island,119.33,31.8,NA,No_rats,-12.77,14.49,7.81,3.35,4.33
Sponge,Great_Chagos_Bank,Nelson_Island,119.33,31.8,NA,No_rats,-12.53,17,8.25,3.9,4.36
Sponge,Great_Chagos_Bank,Nelson_Island,119.33,31.8,NA,No_rats,-13.36,8.14,7.98,1.7,4.8
Sponge,Great_Chagos_Bank,Nelson_Island,119.33,31.8,NA,No_rats,-12.21,17.11,7.89,3.91,4.38
Sponge,Great_Chagos_Bank,Nelson_Island,119.33,31.8,NA,No_rats,-13.03,19.83,7.48,4.43,4.48
Sponge,Great_Chagos_Bank,Nelson_Island,119.33,31.8,NA,No_rats,-13.2,23.63,8,5.58,4.24
Sponge,Great_Chagos_Bank,Nelson_Island,119.33,31.8,NA,No_rats,-12.72,24.44,7.41,5.8,4.21
Sponge,Great_Chagos_Bank,Nelson_Island,119.33,31.8,NA,No_rats,-12.51,20.35,8.44,4.55,4.48
Sponge,Great_Chagos_Bank,South_Brother,172.44,16.8,NA,No_rats,-14.9,17.01,8.54,3.39,5.01
Sponge,Great_Chagos_Bank,South_Brother,172.44,16.8,NA,No_rats,-16.64,11.5,8.65,1.36,8.48
Sponge,Great_Chagos_Bank,South_Brother,172.44,16.8,NA,No_rats,-19.74,22.73,8.57,4.38,5.18
Sponge,Great_Chagos_Bank,South_Brother,172.44,16.8,NA,No_rats,-14.49,25.42,8.05,2.76,9.19
Sponge,Great_Chagos_Bank,South_Brother,172.44,16.8,NA,No_rats,-14.55,31.23,7.95,3.18,9.83
Sponge,Great_Chagos_Bank,South_Brother,172.44,16.8,NA,No_rats,-14.22,13.84,8.15,1.45,9.54
Sponge,Great_Chagos_Bank,South_Brother,172.44,16.8,NA,No_rats,-14.82,27.69,7.66,2.92,9.48
Sponge,Great_Chagos_Bank,South_Brother,172.44,16.8,NA,No_rats,-14.83,16.99,8.57,3.53,4.82
Sponge,Great_Chagos_Bank,South_Brother,172.44,16.8,NA,No_rats,-14.46,17.48,8.49,3.76,4.64
Sponge,Great_Chagos_Bank,South_Brother,172.44,16.8,NA,No_rats,-19.17,18.64,8.86,3.61,5.16
Sponge,Peros_Banhos,Grande_Ile_Coquillage,213.46,36.7,NA,No_rats,-12.52,14.08,6.83,3.29,4.27
Sponge,Peros_Banhos,Grande_Ile_Coquillage,213.46,36.7,NA,No_rats,-14.46,13.19,7.51,3,4.4
Sponge,Peros_Banhos,Grande_Ile_Coquillage,213.46,36.7,NA,No_rats,-14.1,5.78,7.51,1.23,4.69
Sponge,Peros_Banhos,Grande_Ile_Coquillage,213.46,36.7,NA,No_rats,-13.56,13.88,7.9,3.47,4
Sponge,Peros_Banhos,Grande_Ile_Coquillage,213.46,36.7,NA,No_rats,-12.72,15.38,7.01,3.53,4.36
Sponge,Peros_Banhos,Grande_Ile_Coquillage,213.46,36.7,NA,No_rats,-13.83,16.16,6.63,3.64,4.44
Sponge,Peros_Banhos,Grande_Ile_Coquillage,213.46,36.7,NA,No_rats,-14.12,10.83,7.61,2.52,4.29
Sponge,Peros_Banhos,Grande_Ile_Coquillage,213.46,36.7,NA,No_rats,-13.66,14.19,7.19,3.21,4.42
Sponge,Peros_Banhos,Grande_Ile_Coquillage,213.46,36.7,NA,No_rats,-14.26,14.08,7.33,3.12,4.51
Sponge,Peros_Banhos,Grande_Ile_Coquillage,213.46,36.7,NA,No_rats,-14.08,16.36,7.69,3.89,4.2
Sponge,Peros_Banhos,Grande_Ile_Mapou,1.16,11.5,NA,Rats,-12,15.75,5.95,3.62,4.35
Sponge,Peros_Banhos,Grande_Ile_Mapou,1.16,11.5,NA,Rats,-12.27,18.88,5.96,4.42,4.27
Sponge,Peros_Banhos,Grande_Ile_Mapou,1.16,11.5,NA,Rats,-12.29,14.03,5.96,3.24,4.33
Sponge,Peros_Banhos,Grande_Ile_Mapou,1.16,11.5,NA,Rats,-12.99,14.23,6.17,3.37,4.22
Sponge,Peros_Banhos,Grande_Ile_Mapou,1.16,11.5,NA,Rats,-13.01,19.92,6.46,4.61,4.32
Sponge,Peros_Banhos,Grande_Ile_Mapou,1.16,11.5,NA,Rats,-12.02,17.7,5.63,4.1,4.32
Sponge,Peros_Banhos,Grande_Ile_Mapou,1.16,11.5,NA,Rats,-13.5,10.85,6.54,2.45,4.43
Sponge,Peros_Banhos,Grande_Ile_Mapou,1.16,11.5,NA,Rats,-12.67,14.09,6.44,3.37,4.18
Sponge,Peros_Banhos,Grande_Ile_Mapou,1.16,11.5,NA,Rats,-12.78,21.12,6.64,4.95,4.27
Sponge,Peros_Banhos,Grande_Ile_Mapou,1.16,11.5,NA,Rats,-12.59,21.26,5.9,4.76,4.47
Sponge,Peros_Banhos,Ile_Longue,206.42,6.1,NA,No_rats,-12.81,12.73,5.78,2.86,4.45
Sponge,Peros_Banhos,Ile_Longue,206.42,6.1,NA,No_rats,-13.17,13.64,8.19,3.01,4.53
Sponge,Peros_Banhos,Ile_Longue,206.42,6.1,NA,No_rats,-13.48,14.02,9.09,3.52,3.99
Sponge,Peros_Banhos,Ile_Longue,206.42,6.1,NA,No_rats,-13.32,12.69,7.9,2.85,4.46
Sponge,Peros_Banhos,Ile_Longue,206.42,6.1,NA,No_rats,-13.18,12.29,8.31,3,4.09
Sponge,Peros_Banhos,Ile_Longue,206.42,6.1,NA,No_rats,-13.19,22.94,8.32,5.35,4.29
Sponge,Peros_Banhos,Ile_Longue,206.42,6.1,NA,No_rats,-13.56,21.23,8.14,4.96,4.28
Sponge,Peros_Banhos,Ile_Longue,206.42,6.1,NA,No_rats,-12.89,21.16,8.53,5.04,4.2
Sponge,Peros_Banhos,Ile_Longue,206.42,6.1,NA,No_rats,-13.02,16.91,8.56,4.11,4.11
Sponge,Peros_Banhos,Ile_Longue,206.42,6.1,NA,No_rats,-13.45,17.13,8.03,3.96,4.32
Sponge,Peros_Banhos,Ile_Poule,0.04,19.1,NA,Rats,-13,13.43,6.1,2.9,4.63
Sponge,Peros_Banhos,Ile_Poule,0.04,19.1,NA,Rats,-13.72,12.9,5.77,2.91,4.44
Sponge,Peros_Banhos,Ile_Poule,0.04,19.1,NA,Rats,-13.82,20.5,6.53,4.95,4.14
Sponge,Peros_Banhos,Ile_Poule,0.04,19.1,NA,Rats,-13.42,10.22,5.63,2.25,4.55
Sponge,Peros_Banhos,Ile_Poule,0.04,19.1,NA,Rats,-13.73,11.7,6.18,2.54,4.61
Sponge,Peros_Banhos,Ile_Poule,0.04,19.1,NA,Rats,-13.24,13.29,4.73,3.19,4.17
Sponge,Peros_Banhos,Ile_Poule,0.04,19.1,NA,Rats,-13.6,14.2,6.32,2.95,4.81
Sponge,Peros_Banhos,Ile_Poule,0.04,19.1,NA,Rats,-12.82,14.94,6.4,3.48,4.29
Sponge,Peros_Banhos,Ile_Poule,0.04,19.1,NA,Rats,-13.32,12.17,5.89,2.74,4.44
Sponge,Peros_Banhos,Ile_Poule,0.04,19.1,NA,Rats,-13.53,15.8,6.31,3.5,4.51
Sponge,Peros_Banhos,PB_Ile_Anglaise,0.53,6.6,NA,Rats,-14.33,8.19,6.93,1.77,4.62
Sponge,Peros_Banhos,PB_Ile_Anglaise,0.53,6.6,NA,Rats,-13.92,21.9,6.34,4.98,4.4
Sponge,Peros_Banhos,PB_Ile_Anglaise,0.53,6.6,NA,Rats,-13.27,15.2,6.24,3.49,4.36
Sponge,Peros_Banhos,PB_Ile_Anglaise,0.53,6.6,NA,Rats,-13.53,15.08,6.36,3.72,4.06
Sponge,Peros_Banhos,PB_Ile_Anglaise,0.53,6.6,NA,Rats,-13.58,10.38,6.71,2.36,4.4
Sponge,Peros_Banhos,PB_Ile_Anglaise,0.53,6.6,NA,Rats,-12.31,17.66,6.42,4.25,4.15
Sponge,Peros_Banhos,PB_Ile_Anglaise,0.53,6.6,NA,Rats,-14.63,9.02,5.9,1.86,4.85
Sponge,Peros_Banhos,PB_Ile_Anglaise,0.53,6.6,NA,Rats,-13.16,16.81,7.19,4.07,4.13
Sponge,Peros_Banhos,PB_Ile_Anglaise,0.53,6.6,NA,Rats,-13.64,11.26,6.34,2.69,4.18
Sponge,Peros_Banhos,PB_Ile_Anglaise,0.53,6.6,NA,Rats,-13.05,19.32,6.2,4.41,4.38
Sponge,Salomon,Ile_de_la_Passe,6.06,18.1,NA,No_rats,-15.93,6.92,5.75,1.56,4.44
Sponge,Salomon,Ile_de_la_Passe,6.06,18.1,NA,No_rats,-16.27,8.9,5.76,2.04,4.36
Sponge,Salomon,Ile_de_la_Passe,6.06,18.1,NA,No_rats,-16.03,13.01,5.89,3,4.34
Sponge,Salomon,Ile_de_la_Passe,6.06,18.1,NA,No_rats,-15.96,12.81,6.22,2.68,4.79
Sponge,Salomon,Ile_de_la_Passe,6.06,18.1,NA,No_rats,-15.75,8.55,6.36,1.91,4.47
Sponge,Salomon,Ile_de_la_Passe,6.06,18.1,NA,No_rats,-15.73,6.67,7.34,1.4,4.77
Sponge,Salomon,Ile_de_la_Passe,6.06,18.1,NA,No_rats,-15.98,7.31,5.95,1.43,5.11
Sponge,Salomon,Ile_de_la_Passe,6.06,18.1,NA,No_rats,-15.79,14.34,5.09,3.33,4.3
Sponge,Salomon,Ile_de_la_Passe,6.06,18.1,NA,No_rats,-15.97,11.02,5.73,2.26,4.88
Sponge,Salomon,Ile_de_la_Passe,6.06,18.1,NA,No_rats,-16.01,18.51,5.85,4.08,4.54
Sponge,Salomon,Ile_Fouquet,2.44,16,NA,Rats,-13.76,10.65,7.18,2.55,4.17
Sponge,Salomon,Ile_Fouquet,2.44,16,NA,Rats,-13.38,13.83,7.45,3.46,3.99
Sponge,Salomon,Ile_Fouquet,2.44,16,NA,Rats,-13.05,17.38,7.32,4.24,4.1
Sponge,Salomon,Ile_Fouquet,2.44,16,NA,Rats,-13.56,12.08,7.22,2.86,4.22
Sponge,Salomon,Ile_Fouquet,2.44,16,NA,Rats,-13.52,12.03,7.16,2.87,4.19
Sponge,Salomon,Ile_Fouquet,2.44,16,NA,Rats,-13.81,9.14,7.17,2.03,4.49
Sponge,Salomon,Ile_Fouquet,2.44,16,NA,Rats,-16.16,6.49,5.62,1.58,4.12
Sponge,Salomon,Ile_Fouquet,2.44,16,NA,Rats,-15.62,13.06,4.95,3.18,4.1
Sponge,Salomon,Ile_Fouquet,2.44,16,NA,Rats,-13.85,13.19,7.38,3.21,4.11
Sponge,Salomon,Ile_Fouquet,2.44,16,NA,Rats,-13.81,15.29,7.21,3.71,4.12
Sponge,Salomon,Sal_Ile_Anglaise,0.16,23.5,NA,Rats,-14.84,13.85,5.45,2.87,4.82
Sponge,Salomon,Sal_Ile_Anglaise,0.16,23.5,NA,Rats,-14.3,16.71,5.44,3.93,4.25
Sponge,Salomon,Sal_Ile_Anglaise,0.16,23.5,NA,Rats,-13.67,13.33,5.45,3.19,4.18
Sponge,Salomon,Sal_Ile_Anglaise,0.16,23.5,NA,Rats,-14.22,8.46,5.54,1.92,4.42
Sponge,Salomon,Sal_Ile_Anglaise,0.16,23.5,NA,Rats,-14.13,14.94,4.04,3.15,4.74
Sponge,Salomon,Sal_Ile_Anglaise,0.16,23.5,NA,Rats,-14.3,8.74,5.7,2.04,4.28
Sponge,Salomon,Sal_Ile_Anglaise,0.16,23.5,NA,Rats,-14.12,9.73,5.19,2.19,4.43
Sponge,Salomon,Sal_Ile_Anglaise,0.16,23.5,NA,Rats,-14.53,13.08,5.64,3.09,4.24
Sponge,Salomon,Sal_Ile_Anglaise,0.16,23.5,NA,Rats,-13.52,15.39,6,3.75,4.11
Sponge,Salomon,Sal_Ile_Anglaise,0.16,23.5,NA,Rats,-13.46,10.03,5.57,2.63,3.81
Turf,Great_Chagos_Bank,Eagle,0.22,25.8,280,Rats,-17.38,12.6,5.34,1.03,12.22
Turf,Great_Chagos_Bank,Eagle,0.22,25.8,280,Rats,-20.88,12.13,5.29,1.2,10.14
Turf,Great_Chagos_Bank,Eagle,0.22,25.8,280,Rats,-17.4,8.47,5.69,0.84,10.04
Turf,Great_Chagos_Bank,Eagle,0.22,25.8,280,Rats,-19,11.74,5.45,1.02,11.55
Turf,Great_Chagos_Bank,Eagle,0.22,25.8,280,Rats,-18.77,11.93,5.6,1.07,11.18
Turf,Great_Chagos_Bank,Eagle,0.22,25.8,280,Rats,-18.88,15.73,5.58,1.41,11.13
Turf,Great_Chagos_Bank,Eagle,0.22,25.8,280,Rats,-18.36,22.59,5.43,1.58,14.27
Turf,Great_Chagos_Bank,Eagle,0.22,25.8,280,Rats,-18.94,14.27,5.43,1.13,12.57
Turf,Great_Chagos_Bank,Eagle,0.22,25.8,280,Rats,-17.69,15.25,5.79,1.2,12.68
Turf,Great_Chagos_Bank,Eagle,0.22,25.8,280,Rats,-19.36,12.85,5.36,1.09,11.83
Turf,Great_Chagos_Bank,Middle_Brother,424.83,16.9,240,No_rats,-16.44,11.29,5.31,1.17,9.87
Turf,Great_Chagos_Bank,Middle_Brother,424.83,16.9,240,No_rats,-19.81,9.43,5.07,1.07,8.83
Turf,Great_Chagos_Bank,Middle_Brother,424.83,16.9,240,No_rats,-20.07,8.6,5.04,1.25,6.86
Turf,Great_Chagos_Bank,Middle_Brother,424.83,16.9,240,No_rats,-17.29,7.78,4.64,0.92,8.48
Turf,Great_Chagos_Bank,Middle_Brother,424.83,16.9,240,No_rats,-19.14,9.44,4.6,1.04,9.11
Turf,Great_Chagos_Bank,Middle_Brother,424.83,16.9,240,No_rats,-19.32,8.18,5.05,0.99,8.3
Turf,Great_Chagos_Bank,Middle_Brother,424.83,16.9,240,No_rats,-18.56,8.71,4.29,1.03,8.49
Turf,Great_Chagos_Bank,Middle_Brother,424.83,16.9,240,No_rats,-18.85,10.37,4.98,1.13,9.15
Turf,Great_Chagos_Bank,Middle_Brother,424.83,16.9,240,No_rats,-18.03,10.95,4.63,1.16,9.47
Turf,Great_Chagos_Bank,Middle_Brother,424.83,16.9,240,No_rats,-18.96,6.51,5.48,0.79,8.2
Turf,Great_Chagos_Bank,Nelson_Island,119.33,31.8,260,No_rats,-14.5,2.74,4.57,0.14,19.28
Turf,Great_Chagos_Bank,Nelson_Island,119.33,31.8,260,No_rats,-19.42,11.72,5.67,1.1,10.68
Turf,Great_Chagos_Bank,Nelson_Island,119.33,31.8,260,No_rats,-10.6,1.81,5.58,0.17,10.76
Turf,Great_Chagos_Bank,Nelson_Island,119.33,31.8,260,No_rats,-16.06,3.8,6.48,0.29,13.26
Turf,Great_Chagos_Bank,Nelson_Island,119.33,31.8,260,No_rats,-13.79,3.11,7.2,0.26,12.16
Turf,Great_Chagos_Bank,Nelson_Island,119.33,31.8,260,No_rats,-13.54,3.08,6.9,0.23,13.29
Turf,Great_Chagos_Bank,Nelson_Island,119.33,31.8,260,No_rats,-10.45,6.66,4.97,0.17,39.97
Turf,Great_Chagos_Bank,Nelson_Island,119.33,31.8,260,No_rats,-16.04,8.59,5.08,0.27,31.95
Turf,Great_Chagos_Bank,Nelson_Island,119.33,31.8,260,No_rats,-13.83,8.76,4.73,0.27,32.55
Turf,Great_Chagos_Bank,Nelson_Island,119.33,31.8,260,No_rats,-13.92,5.79,4.87,0.19,30.68
Turf,Great_Chagos_Bank,South_Brother,172.44,16.8,150,No_rats,-16.32,38.74,6.27,1.79,21.6
Turf,Great_Chagos_Bank,South_Brother,172.44,16.8,150,No_rats,-18.75,16.93,5.58,1.7,9.94
Turf,Great_Chagos_Bank,South_Brother,172.44,16.8,150,No_rats,-17.55,21.72,5.91,1.36,15.97
Turf,Great_Chagos_Bank,South_Brother,172.44,16.8,150,No_rats,-18.27,13.95,5.53,1.54,9.07
Turf,Great_Chagos_Bank,South_Brother,172.44,16.8,150,No_rats,-17.26,27.9,6.01,1.26,22.18
Turf,Great_Chagos_Bank,South_Brother,172.44,16.8,150,No_rats,-19.18,21.99,8.08,1.57,14.01
Turf,Great_Chagos_Bank,South_Brother,172.44,16.8,150,No_rats,-19.87,20.38,6.22,1.65,12.39
Turf,Great_Chagos_Bank,South_Brother,172.44,16.8,150,No_rats,-16.98,15.99,5.39,1.68,9.5
Turf,Great_Chagos_Bank,South_Brother,172.44,16.8,150,No_rats,-16.57,15.75,5.81,1.4,11.28
Turf,Great_Chagos_Bank,South_Brother,172.44,16.8,150,No_rats,-17.46,11.82,5.66,1.2,9.83
Turf,Peros_Banhos,Grande_Ile_Coquillage,213.46,36.7,175,No_rats,-14.89,14.2,5.31,1.25,11.37
Turf,Peros_Banhos,Grande_Ile_Coquillage,213.46,36.7,175,No_rats,-17.53,17.37,5.77,1.47,11.83
Turf,Peros_Banhos,Grande_Ile_Coquillage,213.46,36.7,175,No_rats,-16.9,16.35,5.81,1.44,11.37
Turf,Peros_Banhos,Grande_Ile_Coquillage,213.46,36.7,175,No_rats,-16.03,14.98,5.54,1.35,11.12
Turf,Peros_Banhos,Grande_Ile_Coquillage,213.46,36.7,175,No_rats,-14.58,12.4,5.14,1.18,10.5
Turf,Peros_Banhos,Grande_Ile_Coquillage,213.46,36.7,175,No_rats,-16.89,9.02,6.05,0.85,10.65
Turf,Peros_Banhos,Grande_Ile_Coquillage,213.46,36.7,175,No_rats,-18.45,12.29,5.07,1.17,10.48
Turf,Peros_Banhos,Grande_Ile_Coquillage,213.46,36.7,175,No_rats,-14.78,3.67,3.19,0.41,8.87
Turf,Peros_Banhos,Grande_Ile_Coquillage,213.46,36.7,175,No_rats,-19.88,9.6,5.75,0.83,11.56
Turf,Peros_Banhos,Grande_Ile_Coquillage,213.46,36.7,175,No_rats,-28.2,11.18,4.66,1.34,8.36
Turf,Peros_Banhos,Grande_Ile_Mapou,1.16,11.5,300,Rats,-18.5,18.07,5.38,1.71,10.56
Turf,Peros_Banhos,Grande_Ile_Mapou,1.16,11.5,300,Rats,-18.85,14.02,5.26,1.46,9.64
Turf,Peros_Banhos,Grande_Ile_Mapou,1.16,11.5,300,Rats,-16.89,17.16,5.24,1.31,13.08
Turf,Peros_Banhos,Grande_Ile_Mapou,1.16,11.5,300,Rats,-18.06,14.23,4.79,1.34,10.61
Turf,Peros_Banhos,Grande_Ile_Mapou,1.16,11.5,300,Rats,-16.67,18.67,5.43,1.3,14.36
Turf,Peros_Banhos,Grande_Ile_Mapou,1.16,11.5,300,Rats,-27.82,8.2,4.89,1.03,7.97
Turf,Peros_Banhos,Grande_Ile_Mapou,1.16,11.5,300,Rats,-18.23,10.21,5.65,0.81,12.62
Turf,Peros_Banhos,Grande_Ile_Mapou,1.16,11.5,300,Rats,-17.04,9.45,5.49,1.03,9.17
Turf,Peros_Banhos,Grande_Ile_Mapou,1.16,11.5,300,Rats,-17.4,9.83,5.06,1.13,8.73
Turf,Peros_Banhos,Grande_Ile_Mapou,1.16,11.5,300,Rats,-16.95,12.67,5.38,1.11,11.37
Turf,Peros_Banhos,Ile_Longue,206.42,6.1,215,No_rats,-16.05,12.78,4.78,1.17,10.91
Turf,Peros_Banhos,Ile_Longue,206.42,6.1,215,No_rats,-17.06,11.14,4.77,1.35,8.28
Turf,Peros_Banhos,Ile_Longue,206.42,6.1,215,No_rats,-20.13,6.93,5.08,0.89,7.76
Turf,Peros_Banhos,Ile_Longue,206.42,6.1,215,No_rats,-23.68,6.58,5.18,0.94,7.03
Turf,Peros_Banhos,Ile_Longue,206.42,6.1,215,No_rats,-16.49,13.77,4.29,1.22,11.33
Turf,Peros_Banhos,Ile_Longue,206.42,6.1,215,No_rats,-20.82,10.97,4.74,1.65,6.66
Turf,Peros_Banhos,Ile_Longue,206.42,6.1,215,No_rats,-16.32,11.37,5.03,1.38,8.22
Turf,Peros_Banhos,Ile_Longue,206.42,6.1,215,No_rats,-18.68,9.86,4.8,1.43,6.89
Turf,Peros_Banhos,Ile_Longue,206.42,6.1,215,No_rats,-16.53,11.39,4.7,1.47,7.75
Turf,Peros_Banhos,Ile_Longue,206.42,6.1,215,No_rats,-17.08,12.05,4.5,1.26,9.55
Turf,Peros_Banhos,Ile_Poule,0.04,19.1,280,Rats,-16.7,15.02,5.71,1.25,12.04
Turf,Peros_Banhos,Ile_Poule,0.04,19.1,280,Rats,-17.9,12.76,5.34,1.17,10.91
Turf,Peros_Banhos,Ile_Poule,0.04,19.1,280,Rats,-18.38,18.16,5.58,1.31,13.88
Turf,Peros_Banhos,Ile_Poule,0.04,19.1,280,Rats,-16.74,11.17,6.73,1.35,8.26
Turf,Peros_Banhos,Ile_Poule,0.04,19.1,280,Rats,-10.81,13.76,4.78,0.91,15.2
Turf,Peros_Banhos,Ile_Poule,0.04,19.1,280,Rats,-16.95,14.6,5.63,1.18,12.33
Turf,Peros_Banhos,Ile_Poule,0.04,19.1,280,Rats,-15.97,12.73,5.32,1.21,10.51
Turf,Peros_Banhos,Ile_Poule,0.04,19.1,280,Rats,-18.09,12.67,5.04,1.32,9.58
Turf,Peros_Banhos,Ile_Poule,0.04,19.1,280,Rats,-15.46,13.42,5.46,1.8,7.44
Turf,Peros_Banhos,Ile_Poule,0.04,19.1,280,Rats,-12.98,14.39,5.79,1.65,8.74
Turf,Peros_Banhos,PB_Ile_Anglaise,0.53,6.6,240,Rats,-16.46,14.92,5.33,1.28,11.67
Turf,Peros_Banhos,PB_Ile_Anglaise,0.53,6.6,240,Rats,-15.97,13.06,4.65,1.24,10.5
Turf,Peros_Banhos,PB_Ile_Anglaise,0.53,6.6,240,Rats,-16.26,12.13,5.37,1.02,11.89
Turf,Peros_Banhos,PB_Ile_Anglaise,0.53,6.6,240,Rats,-18.07,14.15,5.18,1.09,12.97
Turf,Peros_Banhos,PB_Ile_Anglaise,0.53,6.6,240,Rats,-15.65,7.88,5.2,0.69,11.38
Turf,Peros_Banhos,PB_Ile_Anglaise,0.53,6.6,240,Rats,-17.12,8.59,5.47,0.83,10.4
Turf,Peros_Banhos,PB_Ile_Anglaise,0.53,6.6,240,Rats,-17.5,9.9,4.72,1.09,9.1
Turf,Peros_Banhos,PB_Ile_Anglaise,0.53,6.6,240,Rats,-14.67,9.77,4.92,1,9.76
Turf,Peros_Banhos,PB_Ile_Anglaise,0.53,6.6,240,Rats,-13.9,10.9,5.11,0.87,12.46
Turf,Peros_Banhos,PB_Ile_Anglaise,0.53,6.6,240,Rats,-17.49,11.98,5.03,1.1,10.86
Turf,Salomon,Ile_de_la_Passe,6.06,18.1,215,No_rats,-13.54,14.56,4.49,1.11,13.11
Turf,Salomon,Ile_de_la_Passe,6.06,18.1,215,No_rats,-11.01,2.2,4.17,0.21,10.3
Turf,Salomon,Ile_de_la_Passe,6.06,18.1,215,No_rats,-13.05,7.95,4.88,0.63,12.61
Turf,Salomon,Ile_de_la_Passe,6.06,18.1,215,No_rats,-11.75,6.26,4.15,0.67,9.3
Turf,Salomon,Ile_de_la_Passe,6.06,18.1,215,No_rats,-12.06,3.44,4.44,0.26,13.26
Turf,Salomon,Ile_de_la_Passe,6.06,18.1,215,No_rats,-16.01,8.12,4.39,0.9,8.98
Turf,Salomon,Ile_de_la_Passe,6.06,18.1,215,No_rats,-11.38,9.17,3.83,0.8,11.4
Turf,Salomon,Ile_de_la_Passe,6.06,18.1,215,No_rats,-14.61,3.13,3.85,0.56,5.59
Turf,Salomon,Ile_de_la_Passe,6.06,18.1,215,No_rats,-15.01,7.7,4.98,0.67,11.42
Turf,Salomon,Ile_de_la_Passe,6.06,18.1,215,No_rats,-12.95,8.12,3.92,0.9,9.01
Turf,Salomon,Ile_Fouquet,2.44,16,130,Rats,-14.96,13.58,3.39,1.08,12.62
Turf,Salomon,Ile_Fouquet,2.44,16,130,Rats,-16.77,14.29,3.82,1.2,11.89
Turf,Salomon,Ile_Fouquet,2.44,16,130,Rats,-17.32,22.79,3.89,1.94,11.74
Turf,Salomon,Ile_Fouquet,2.44,16,130,Rats,-16.89,14.75,3.59,1.32,11.16
Turf,Salomon,Ile_Fouquet,2.44,16,130,Rats,-12.96,22.57,4.65,1.92,11.76
Turf,Salomon,Ile_Fouquet,2.44,16,130,Rats,-16.88,18.68,3.78,1.59,11.73
Turf,Salomon,Ile_Fouquet,2.44,16,130,Rats,-14.44,11.67,3.73,1.01,11.51
Turf,Salomon,Ile_Fouquet,2.44,16,130,Rats,-17.55,17.8,3.91,1.6,11.12
Turf,Salomon,Ile_Fouquet,2.44,16,130,Rats,-15.73,20.18,4.12,2.12,9.51
Turf,Salomon,Ile_Fouquet,2.44,16,130,Rats,-16.81,17.01,3.91,1.31,12.96
Turf,Salomon,Sal_Ile_Anglaise,0.16,23.5,280,Rats,-17.7,22.06,5.41,1.97,11.18
Turf,Salomon,Sal_Ile_Anglaise,0.16,23.5,280,Rats,-14.1,17.09,4.58,0.89,19.1
Turf,Salomon,Sal_Ile_Anglaise,0.16,23.5,280,Rats,-10.89,10.12,2.06,1.01,10.03
Turf,Salomon,Sal_Ile_Anglaise,0.16,23.5,280,Rats,-13.78,12.67,3.81,0.98,12.95
Turf,Salomon,Sal_Ile_Anglaise,0.16,23.5,280,Rats,-14.7,9.6,2.85,0.84,11.42
Turf,Salomon,Sal_Ile_Anglaise,0.16,23.5,280,Rats,-12.22,8.19,2.24,0.57,14.39
Turf,Salomon,Sal_Ile_Anglaise,0.16,23.5,280,Rats,-7.77,4.84,2.95,0.34,14.1
Turf,Salomon,Sal_Ile_Anglaise,0.16,23.5,280,Rats,-20.78,12.5,5.1,2.06,6.07
Turf,Salomon,Sal_Ile_Anglaise,0.16,23.5,280,Rats,-13.27,11.45,3.24,0.77,14.96
Turf,Salomon,Sal_Ile_Anglaise,0.16,23.5,280,Rats,-14.42,11.98,2.76,1.12,10.69